"DS_SIT_ALU","aluno","DT_SIT_ALU","CD_ANO_INGRESSO","CD_SEM_INGRESSO","CD_ANO_ENS_MEDIO","CD_SEXO","DS_BAIRRO","DS_CIDADE","DS_ESTADO","LO_ProvavelConcludente","DEFICIENCIA","COR_RACA","num_idade","BOLSA_CONTA_BANCO_ID","BOLSAS_COTA_PRIORIDADE","N_COLOCA","N_TOTESC","N_NOTRED"
TRANSFERIDO,1,2016-09-16 00:00:00.000,"2015","1","2014","2",CID DOS FUNCIONARIOS          ,FORTALEZA                     ,CE,0,"0",1,26,,99,,,
GRADUADO,2,2023-01-18 00:00:00.000,"2015","1","2013","1",PARANGABA                     ,FORTALEZA                     ,CE,0,"0",1,27,,99,88,70.0,58.4666
ABANDONO,3,2023-08-28 15:26:00.000,"2015","1","2014","1",ALDEOTA                       ,FORTALEZA                     ,CE,0,"0",1,26,,99,6,80.0,73.6831
TRANSFERIDO,4,2018-06-08 00:00:00.000,"2015","1","2014","1",JOAQUIM TAVORA                ,FORTALEZA                     ,CE,0,"0",4,26,,99,9,82.0,68.1882
CANCELADO,5,2019-07-12 16:08:00.000,"2015","1","2014","1",COCO                          ,FORTALEZA                     ,CE,0,"0",0,26,237,99,21,84.0,69.0336
TRANSFERIDO,6,2016-09-01 00:00:00.000,"2015","1","2013","1",JOAQUIM TAVORA                ,FORTALEZA                     ,CE,0,"0",1,27,,99,43,78.0,67.3429
CURSANDO,7,2015-03-10 11:10:43.023,"2015","1","2014","1",PARQUE SANTO AMARO            ,FORTALEZA                     ,CE,1,"0",3,25,,99,50,70.0,72.8377
DESISTENTE,8,2016-03-03 00:00:00.000,"2015","1","2014","1",MONDUBIM                      ,FORTALEZA                     ,CE,0,"0",1,26,,99,56,70.0,73.6831
GRADUADO,9,2020-01-10 00:00:00.000,"2015","1","2014","1",SERRINHA                      ,FORTALEZA                     ,CE,0,"0",1,26,,99,59,72.0,52.9717
DESISTENTE,10,2016-01-19 00:00:00.000,"2015","1","2014","1",SITIO PENHA                   ,PARAIPABA                     ,CE,0,"0",3,25,,99,66,68.0,68.6109
GRADUADO,11,2019-11-25 00:00:00.000,"2015","1","2014","1",PARQUE IRACEMA                ,FORTALEZA                     ,CE,0,"0",1,26,237,99,79,72.0,67.7655
TRANSFERIDO,12,2016-10-11 00:00:00.000,"2015","1","2014","2",NOVO MONDUBIM                 ,FORTALEZA                     ,CE,0,"0",3,25,,99,81,82.0,53.8171
ABANDONO,13,2023-08-28 15:26:00.000,"2015","1","2014","1",MARAPONGA                     ,FORTALEZA                     ,CE,0,"0",1,27,,99,83,68.0,63.5387
CURSANDO,14,2023-11-08 00:00:00.000,"2015","1","2014","1",ZONA RURAL                    ,BEBERIBE                      ,CE,0,"0",3,26,237,99,87,70.0,66.0748
ABANDONO,15,2023-08-28 15:26:00.000,"2015","1","2014","2",JOCKEY CLUB                   ,FORTALEZA                     ,CE,0,"0",1,26,,99,96,68.0,59.7346
DESISTENTE,16,2017-06-01 00:00:00.000,"2015","1","2014","1",FATIMA                        ,FORTALEZA                     ,CE,0,"0",1,26,,99,13,98.0,69.879
ABANDONO,17,2023-08-28 15:26:00.000,"2015","1","2000","1",PASSARÉ                       ,FORTALEZA                     ,CE,0,"0",2,41,,2,1,,
ABANDONO,18,2023-08-28 15:26:00.000,"2015","1","2003","1",PIRATININGA                   ,MARACANAÚ                     ,CE,0,"0",3,38,,2,4,,
DESISTENTE,19,2015-07-29 00:00:00.000,"2015","1","2013","1",SERRINHA                      ,FORTALEZA                     ,CE,0,"0",2,26,,3,2,,
DESISTENTE,20,2015-06-25 00:00:00.000,"2015","1","2015","1",PLANALTO AYRTON SENNA         ,FORTALEZA                     ,CE,0,"0",2,25,,3,1,,
ABANDONO,21,2023-08-28 15:26:00.000,"2015","1","2014","1",CAXITORE                      ,UMIRIM                        ,CE,0,"0",3,25,,2,5,,
ABANDONO,22,2023-08-28 15:26:00.000,"2015","1","1987","1",GRANJA LISBOA                 ,FORTALEZA                     ,CE,0,"0",3,56,,3,3,,
ABANDONO,23,2023-08-28 15:26:00.000,"2015","1","2005","1",BOA VISTA                     ,FORTALEZA                     ,CE,0,"0",3,35,,2,3,,
DESISTENTE,24,2016-05-25 00:00:00.000,"2015","1","2014","1",ÁLVARO WEYNE                  ,FORTALEZA                     ,CE,0,"0",3,26,,2,6,,
DESISTENTE,25,2017-03-02 00:00:00.000,"2015","1","2014","1",NOVO MONDUBIM                 ,FORTALEZA                     ,CE,0,"2",2,26,,3,3,,
ABANDONO,26,2023-08-28 15:26:00.000,"2015","1","2014","1",JOÃO XXIII                    ,FORTALEZA                     ,CE,0,"0",3,26,,2,1,,
ABANDONO,27,2023-08-28 15:26:00.000,"2015","1","2014","1",VILA PERI                     ,FORTALEZA                     ,CE,0,"0",3,45,,3,1,,
GRADUADO,28,2023-02-24 00:00:00.000,"2015","1","1996","1",ITAOCA                        ,FORTALEZA                     ,CE,0,"0",5,46,1,2,1,,
ABANDONO,29,2023-08-28 15:26:00.000,"2015","1","2005","1",PLANALTO HORIZONTE            ,HORIZONTE                     ,CE,0,"0",2,36,,2,6,,
ABANDONO,30,2023-08-28 15:26:00.000,"2015","1","1989","1",JOQUEI CLUBE                  ,FORTALEZA                     ,CE,0,"0",3,51,,2,16,,
DESISTENTE,31,2016-03-03 00:00:00.000,"2015","1","2015","1",MESSEJANA                     ,FORTALEZA                     ,CE,0,"0",5,26,,2,38,,
CURSANDO,32,2015-03-18 09:22:28.513,"2015","1","2005","1",AUTRAN NUNES                  ,FORTALEZA                     ,CE,0,"0",3,36,237,2,30,,
ABANDONO,33,2023-08-28 15:26:00.000,"2015","1","2014","1",PADRE ANDRADE                 ,FORTALEZA                     ,CE,0,"0",3,28,,2,54,,
ABANDONO,34,2023-08-28 15:26:00.000,"2015","1","2014","1",SERRINHA                      ,FORTALEZA                     ,CE,0,"0",1,53,,3,20,,
DESISTENTE,35,2016-09-22 00:00:00.000,"2015","1","2013","1",PASSARÉ                       ,FORTALEZA                     ,CE,0,"0",3,27,,2,231,,
DESISTENTE,36,2017-03-17 00:00:00.000,"2015","1","2014","1",GRANJA LISBOA                 ,FORTALEZA                     ,CE,0,"0",3,27,,2,29,,
DESISTENTE,37,2017-02-06 00:00:00.000,"2015","2","2015","2",BENFICA                       ,FORTALEZA                     ,CE,0,"0",2,44,,99,,,
ABANDONO,38,2023-08-28 15:26:00.000,"2015","2","2015","1",FATIMA                        ,FORTALEZA                     ,CE,0,"0",3,35,,99,,,
TRANSFERIDO,39,2020-03-02 00:00:00.000,"2015","2","2013","1",PARANGABA                     ,FORTALEZA                     ,CE,0,"0",0,41,237,99,,,
DESISTENTE,40,2016-02-02 00:00:00.000,"2015","2","2014","2",ALDEOTA                       ,FORTALEZA                     ,CE,0,"0",1,26,,99,25,88.0,75.3292
DESISTENTE,41,2020-01-27 00:00:00.000,"2015","2","2015","1",FATIMA                        ,FORTALEZA                     ,CE,0,"0",1,24,,99,29,90.0,68.6746
ABANDONO,42,2023-08-28 15:26:00.000,"2015","2","2014","1",PAPICU                        ,FORTALEZA                     ,CE,0,"0",3,25,,99,31,82.0,71.5266
DESISTENTE,43,2017-06-02 00:00:00.000,"2015","2","2011","2",PARANGABA                     ,FORTALEZA                     ,CE,0,"0",3,28,237,99,11,96.0,75.3292
DESISTENTE,44,2016-02-15 00:00:00.000,"2015","2","2014","1",PAPICU                        ,FORTALEZA                     ,CE,0,"0",1,27,,99,16,92.0,75.3292
CURSANDO,45,2015-09-15 12:17:45.470,"2015","2","2015","1",MESSEJANA                     ,FORTALEZA                     ,CE,1,"0",1,26,237,99,38,64.0,72.0019
GRADUADO,46,2021-08-30 00:00:00.000,"2015","2","2011","1",CENTRO                        ,BATURITE                      ,CE,0,"0",3,29,,99,32,80.0,75.3292
ABANDONO,47,2023-08-28 15:26:00.000,"2015","2","2015","1",TABAPUA                       ,CAUCAIA                       ,CE,0,"0",3,27,,99,28,62.0,68.6746
CURSANDO,48,2015-09-22 10:42:22.293,"2015","2","2015","1",DAMAS                         ,FORTALEZA                     ,CE,1,"0",3,27,,99,35,70.0,70.1006
ABANDONO,49,2023-08-28 15:26:00.000,"2015","2","2014","1",VILA VELHA IV                 ,FORTALEZA                     ,CE,0,"0",3,26,,99,37,80.0,67.2486
ABANDONO,50,2023-08-28 15:26:00.000,"2015","2","2015","1",PARANGABA                     ,FORTALEZA                     ,CE,0,"0",3,25,237,99,83,68.0,62.4952
GRADUADO,51,2021-03-30 00:00:00.000,"2015","2","2015","1",JOAO XXIII                    ,FORTALEZA                     ,CE,0,"0",0,25,1,99,87,64.0,69.1499
ABANDONO,52,2023-08-28 15:26:00.000,"2015","2","2014","1",DOM LUSTOSA                   ,FORTALEZA                     ,CE,0,"0",1,26,,99,70,62.0,62.9706
GRADUADO,53,2020-10-06 00:00:00.000,"2015","2","2014","1",JARDIM IRACEMA                ,FORTALEZA                     ,CE,0,"0",3,26,237,99,21,72.0,63.4459
GRADUADO,54,2021-04-30 00:00:00.000,"2015","2","2014","1",JOAQUIM TAVORA                ,FORTALEZA                     ,CE,0,"0",1,27,,99,23,64.0,68.1992
ABANDONO,55,2023-08-28 15:26:00.000,"2015","2","2014","1",FATIMA                        ,FORTALEZA                     ,CE,0,"0",1,26,,99,26,76.0,70.1006
GRADUADO,56,2021-08-30 00:00:00.000,"2015","2","2015","1",JOAO XXIII                    ,FORTALEZA                     ,CE,0,"0",1,29,237,99,71,58.0,68.1992
CURSANDO,57,2015-09-25 10:33:53.533,"2015","2","2014","1",PARQUE SANTA ROSA             ,FORTALEZA                     ,CE,1,"0",3,26,237,99,72,70.0,59.1679
GRADUADO,58,2021-03-30 00:00:00.000,"2015","2","2015","1",SAPIRANGA                     ,FORTALEZA                     ,CE,0,"0",3,25,1,99,73,56.0,69.6252
ABANDONO,59,2023-08-28 15:26:00.000,"2015","2","2015","1",ARATURI                       ,CAUCAIA                       ,CE,0,"0",1,26,,99,78,66.0,72.0019
ABANDONO,60,2023-08-28 15:26:00.000,"2015","2","2015","1",DIAS MACEDO                   ,FORTALEZA                     ,CE,0,"0",1,26,,99,81,64.0,73.9032
ABANDONO,61,2023-08-28 15:26:00.000,"2015","2","2014","1",COITE                         ,EUSEBIO                       ,CE,0,"0",3,26,,99,5,80.0,63.4459
DESISTENTE,62,2018-02-07 00:00:00.000,"2015","2","2015","1",BARRA DO CEARA                ,FORTALEZA                     ,CE,0,"0",1,25,1,99,9,76.0,69.1499
ABANDONO,63,2023-08-28 15:26:00.000,"2015","2","2014","1",LAGOA REDONDA                 ,FORTALEZA                     ,CE,0,"0",3,26,,99,10,72.0,64.3966
GRADUADO,64,2021-04-30 00:00:00.000,"2015","2","2014","1",CACHOEIRA                     ,MARANGUAPE                    ,CE,0,"0",3,25,237,99,13,70.0,69.1499
GRADUADO,65,2023-08-25 00:00:00.000,"2015","2","2014","1",BARRA DO CEARA                ,FORTALEZA                     ,CE,0,"0",3,26,1,99,47,64.0,68.6746
ABANDONO,66,2023-08-28 15:26:00.000,"2015","2","2014","2",ESPLANADA DO MONDUBIM         ,MARACANAU                     ,CE,0,"0",1,26,,99,49,64.0,72.9526
GRADUADO,67,2020-07-02 00:00:00.000,"2015","2","2015","2",PARREAO                       ,FORTALEZA                     ,CE,0,"0",3,25,1,99,50,60.0,72.9526
DESISTENTE,68,2020-02-28 00:00:00.000,"2015","2","2014","1",PASSARE                       ,FORTALEZA                     ,CE,0,"0",1,26,,99,51,64.0,74.3786
CURSANDO,69,2015-09-22 10:44:07.533,"2015","2","2014","1",NOVA METROPOLE                ,CAUCAIA                       ,CE,1,"0",1,26,237,99,52,74.0,64.3966
GRADUADO,70,2021-03-30 00:00:00.000,"2015","2","2009","1",DIAS MACEDO                   ,FORTALEZA                     ,CE,0,"0",1,31,237,99,53,68.0,71.5266
DESISTENTE,71,2016-01-21 00:00:00.000,"2015","2","2014","1",SERRINHA                      ,FORTALEZA                     ,CE,0,"0",3,26,,99,55,64.0,72.0019
ABANDONO,72,2023-08-28 15:26:00.000,"2015","2","2015","1",JARDIM IRACEMA                ,FORTALEZA                     ,CE,0,"0",1,26,,99,27,76.0,64.3966
TRANSFERIDO,73,2017-04-18 00:00:00.000,"2015","2","2014","1",BOM JARDIM                    ,FORTALEZA                     ,CE,0,"0",1,28,,99,56,66.0,70.5759
GRADUADO,74,2021-03-30 00:00:00.000,"2015","2","2015","1",GRANJA LISBOA                 ,FORTALEZA                     ,CE,0,"0",2,24,1,99,59,64.0,68.6746
ABANDONO,75,2023-08-28 15:26:00.000,"2015","2","2014","1",LUCIANO CAVALCANTE            ,FORTALEZA                     ,CE,0,"0",3,26,,99,60,66.0,71.5266
CURSANDO,76,2019-02-05 00:00:00.000,"2015","2","2015","1",BENFICA                       ,FORTALEZA                     ,CE,0,"0",3,25,,99,63,66.0,60.5939
CURSANDO,77,2015-09-22 11:56:51.443,"2015","2","2003","1",FATIMA                        ,FORTALEZA                     ,CE,0,"0",1,37,,99,66,64.0,68.6746
ABANDONO,78,2023-08-28 15:26:00.000,"2015","2","2014","1",PARQUE DOIS IRMAOS MONTENEGRO ,FORTALEZA                     ,CE,0,"0",3,26,,99,68,62.0,71.5266
CURSANDO,79,2015-09-22 16:17:50.327,"2015","2","2014","1",CURIO                         ,FORTALEZA                     ,CE,1,"0",3,27,,99,37,60.0,41.5806
ABANDONO,80,2023-08-28 15:26:00.000,"2015","2",,"1",JARDIM IRACEMA                ,FORTALEZA                     ,CE,0,,0,27,,99,,,
CANCELADO,81,2023-08-28 15:26:00.000,"2015","2",,"1",PARQUE SAO JOSE               ,FORTALEZA                     ,CE,0,,0,31,,99,,,
DESISTENTE,82,2018-01-31 00:00:00.000,"2015","2","1997","1",PAPICU                        ,FORTALEZA                     ,CE,0,"0",3,43,,99,,,
GRADUADO,83,2021-04-30 00:00:00.000,"2016","1","2015","1",CIDADE 2000                   ,FORTALEZA                     ,CE,0,"0",1,25,1,99,15,86.0,54.0238
GRADUADO,84,2023-08-25 00:00:00.000,"2016","1","2014","1",PRESIDENTE KENNEDY            ,FORTALEZA                     ,CE,0,"0",3,26,1,99,16,78.0,73.7292
CURSANDO,85,2023-07-19 13:13:52.267,"2016","1","2015","1",DAMAS                         ,FORTALEZA                     ,CE,1,"0",1,25,237,99,19,72.0,66.9555
ABANDONO,86,2023-08-28 15:26:00.000,"2016","1","2015","1",JACARECANGA                   ,FORTALEZA                     ,CE,0,"0",3,26,,99,1,82.0,72.4976
ABANDONO,87,2023-08-28 15:26:00.000,"2016","1","2009","1",VILA PERI                     ,FORTALEZA                     ,CE,0,"0",3,32,,99,2,66.0,70.6502
TRANSFERIDO,88,2018-06-08 00:00:00.000,"2016","1","2014","1",HENRIQUE JORGE                ,FORTALEZA                     ,CE,0,"0",1,26,237,99,5,76.0,62.0291
CURSANDO,89,2016-03-08 12:25:51.423,"2016","1","2015","1",SERRINHA                      ,FORTALEZA                     ,CE,1,"0",3,25,,99,6,76.0,58.9501
GRADUADO,90,2021-03-30 00:00:00.000,"2016","1","2015","1",PARQUE MANIBURA               ,FORTALEZA                     ,CE,0,"0",3,25,237,99,7,68.0,68.8029
ABANDONO,91,2023-08-28 15:26:00.000,"2016","1","2002","1",CANINDEZINHO                  ,FORTALEZA                     ,CE,0,"0",3,38,,99,8,74.0,69.4186
DESISTENTE,92,2017-01-23 00:00:00.000,"2016","1","2015","1",CRISTO REDENTOR               ,FORTALEZA                     ,CE,0,"0",3,25,,99,10,72.0,71.266
DESISTENTE,93,2020-12-21 00:00:00.000,"2016","1","2015","1",PARANGABA                     ,FORTALEZA                     ,CE,0,"0",1,25,,99,12,76.0,65.1081
GRADUADO,94,2021-08-30 00:00:00.000,"2016","1","2015","1",Fátima                        ,FORTALEZA                     ,CE,0,"0",3,25,237,99,13,76.0,73.1134
CURSANDO,95,2016-03-09 09:41:09.607,"2016","1","2015","1",VILA UNIAO                    ,FORTALEZA                     ,CE,0,"0",1,25,,99,25,74.0,71.266
GRADUADO,96,2022-08-03 00:00:00.000,"2016","1","2012","1",PARANGABA                     ,FORTALEZA                     ,CE,0,"0",1,29,237,99,30,76.0,69.4186
DESISTENTE,97,2018-01-25 00:00:00.000,"2016","1","2015","1",SAO GERARDO                   ,FORTALEZA                     ,CE,0,"0",3,26,,99,44,82.0,64.4923
DESISTENTE,98,2016-07-25 00:00:00.000,"2016","1","2015","1",JEREISSATI II                 ,PACATUBA                      ,CE,0,"0",2,25,,99,48,76.0,71.8818
TRANSFERIDO,99,2019-02-08 00:00:00.000,"2016","1","2015","1",VICENTE PINZON                ,FORTALEZA                     ,CE,0,"0",1,26,,99,52,68.0,71.8818
DESISTENTE,100,2016-05-16 00:00:00.000,"2016","1","2015","1",SAO GERARDO                   ,FORTALEZA                     ,CE,0,"0",3,25,,99,55,70.0,71.8818
ABANDONO,101,2023-08-28 15:26:00.000,"2016","1","2015","2",CARLITO  PAMPLONA             ,FORTALEZA                     ,CE,0,"0",1,26,237,99,57,70.0,71.266
CURSANDO,102,2016-03-09 13:57:22.127,"2016","1","2015","1",SERRINHA                      ,FORTALEZA                     ,CE,0,"0",1,25,,99,58,80.0,65.1081
DESISTENTE,103,2018-01-04 00:00:00.000,"2016","1","2015","2", BOM SUCESSO                  ,Fortaleza                     ,CE,0,"0",3,26,,99,61,68.0,56.4869
GRADUADO,104,2023-07-18 00:00:00.000,"2016","1","2013","1",PAPICU                        ,FORTALEZA                     ,CE,0,"0",2,27,,99,63,68.0,65.7239
CURSANDO,105,2016-03-21 10:22:12.003,"2016","1","2015","1",COLONIA                       ,FORTALEZA                     ,CE,0,"0",3,24,,99,68,68.0,57.7185
ABANDONO,106,2023-08-28 15:26:00.000,"2016","1","2015","1",PARQUE IRACEMA                ,FORTALEZA                     ,CE,0,"0",3,26,237,99,25,70.0,65.7239
CURSANDO,107,2016-03-01 10:04:32.393,"2016","1","2015","1",NOVA METROPOLE                ,CAUCAIA                       ,CE,0,"0",3,25,237,99,18,74.0,60.7975
CURSANDO,108,2016-01-26 10:37:27.117,"2016","1","2015","2",JANGURUSSU                    ,FORTALEZA                     ,CE,1,"9",2,26,,3,1,,
DESISTENTE,109,2016-06-15 00:00:00.000,"2016","1","2015","1",CAIS DO PORTO                 ,FORTALEZA                     ,CE,0,"0",3,25,,2,1,,
ABANDONO,110,2023-08-28 15:26:00.000,"2016","1","2015","1",MONDUBIM                      ,FORTALEZA                     ,CE,0,"0",2,26,,3,2,,
ABANDONO,111,2023-08-28 15:26:00.000,"2016","1","2015","2",PASSARÉ                       ,FORTALEZA                     ,CE,0,"0",1,27,1,3,2,,
DESISTENTE,112,2016-06-07 00:00:00.000,"2016","1","2015","1",MESSEJANA                     ,FORTALEZA                     ,CE,0,"0",3,25,,2,3,,
ABANDONO,113,2023-08-28 15:26:00.000,"2016","1","2015","1",PREFEITO JOSÉ WALTER          ,FORTALEZA                     ,CE,0,"0",3,25,,2,3,,
ABANDONO,114,2023-08-28 15:26:00.000,"2016","1","2015","1",MANOEL SATIRO                 ,FORTALEZA                     ,CE,0,"0",3,25,,2,4,,
ABANDONO,115,2023-08-28 15:26:00.000,"2016","1","2015","1",PRAIA DE IRACEMA              ,FORTALEZA                     ,CE,0,"0",3,26,,2,4,,
GRADUADO,116,2021-03-30 00:00:00.000,"2016","1","2014","2",JANGURUSSU                    ,FORTALEZA                     ,CE,0,"0",3,25,237,2,5,,
ABANDONO,117,2023-08-28 15:26:00.000,"2016","1","2015","1",PRESIDENTE KENNEDY            ,FORTALEZA                     ,CE,0,"0",2,25,237,2,5,,
ABANDONO,118,2023-08-28 15:26:00.000,"2016","1","2015","1",PADRE ANDRADE                 ,FORTALEZA                     ,CE,0,"0",3,25,,2,6,,
CURSANDO,119,2016-02-12 11:40:03.247,"2016","1","2015","1",PRESIDENTE KENNEDY            ,FORTALEZA                     ,CE,1,"0",2,25,237,3,10,,
DESISTENTE,120,2018-03-13 00:00:00.000,"2016","1","2015","1",JANGURUSSU                    ,FORTALEZA                     ,CE,0,"0",3,25,,2,24,,
DESISTENTE,121,2016-06-28 00:00:00.000,"2016","1","1993","1",PARREÃO                       ,FORTALEZA                     ,CE,0,"5",3,48,,2,25,,
DESISTENTE,122,2017-03-17 00:00:00.000,"2016","1","2015","2",ALTO ALEGRE                   ,AQUIRAZ                       ,CE,0,"0",3,25,,2,32,,
CURSANDO,123,2016-02-23 11:12:26.507,"2016","1","2013","1",PARANGABA                     ,FORTALEZA                     ,CE,0,"0",3,27,1,3,36,,
ABANDONO,124,2023-08-28 15:26:00.000,"2016","1","2015","1",PASSARE                       ,FORTALEZA                     ,CE,0,"0",3,27,,2,54,,
ABANDONO,125,2023-08-28 15:26:00.000,"2016","2",,"1",PARANGABA                     ,FORTALEZA                     ,CE,0,,0,35,,99,,,
ABANDONO,126,2023-08-28 15:26:00.000,"2016","2","2010","2",Cidade Monções                ,SÃO PAULO                     ,SP,0,"0",0,30,237,99,,,
ABANDONO,127,2023-08-28 15:26:00.000,"2016","2","2014","1",LUCIANO CAVALCANTE            ,FORTALEZA                     ,CE,0,"0",3,26,,99,37,66.0,68.3208
CURSANDO,128,2016-08-09 10:38:12.840,"2016","2","2010","1",MESSEJANA                     ,FORTALEZA                     ,CE,1,"0",1,31,237,99,38,72.0,53.9926
DESISTENTE,129,2017-03-02 00:00:00.000,"2016","2","2015","1",ANTONIO BEZERRA               ,FORTALEZA                     ,CE,0,"0",3,26,,99,1,66.0,54.5896
CURSANDO,130,2016-08-16 09:57:53.163,"2016","2","2013","1",VILA UNIAO                    ,FORTALEZA                     ,CE,0,"0",0,27,,99,5,70.0,47.4256
CURSANDO,131,2016-08-16 17:04:47.117,"2016","2","2014","2",ITAPERI                       ,FORTALEZA                     ,CE,1,"0",1,26,237,99,6,62.0,63.5447
GRADUADO,132,2022-02-15 00:00:00.000,"2016","2","2016","1",GUARARAPES                    ,FORTALEZA                     ,CE,0,"0",1,24,1,99,9,72.0,62.3507
CURSANDO,133,2016-08-16 13:47:21.017,"2016","2","2015","1",CIDADE DOS FUNCIONARIOS       ,FORTALEZA                     ,CE,1,"0",1,25,,99,13,60.0,65.3357
ABANDONO,134,2023-08-28 15:26:00.000,"2016","2","2011","1",FLORESTA                      ,FORTALEZA                     ,CE,0,"0",0,29,,99,14,60.0,62.3507
GRADUADO,135,2021-03-30 00:00:00.000,"2016","2","2016","1",SAO JOAO DO TAUAPE            ,FORTALEZA                     ,CE,0,"0",3,25,1,99,15,76.0,63.5447
DESISTENTE,136,2019-05-31 00:00:00.000,"2016","2","2015","1",MODUBIM                       ,FORTALEZA                     ,CE,0,"0",3,25,,99,20,58.0,62.3507
ABANDONO,137,2023-08-28 15:26:00.000,"2016","2","2016","1",CENTRO                        ,FORTALEZA                     ,CE,0,"0",3,27,,99,26,66.0,52.7986
CURSANDO,138,2016-08-16 14:40:44.123,"2016","2","2015","1",JOAQUIM TAVORA                ,FORTALEZA                     ,CE,0,"0",3,25,,99,29,46.0,59.3657
CURSANDO,139,2016-08-16 09:37:25.257,"2016","2","2015","1",MONTESE                       ,FORTALEZA                     ,CE,0,"0",1,25,,99,30,66.0,56.9777
GRADUADO,140,2022-08-03 00:00:00.000,"2016","2","2013","1",COCO                          ,FORTALEZA                     ,CE,0,"0",1,27,1,99,31,56.0,44.4405
DESISTENTE,141,2017-08-07 00:00:00.000,"2016","2","2014","1",CENTRO                        ,MARANGUAPE                    ,CE,0,"0",3,26,,99,34,58.0,58.7687
ABANDONO,142,2023-08-28 15:26:00.000,"2016","2","2014","1",SAO GERARDO                   ,FORTALEZA                     ,CE,0,"0",1,26,,99,36,56.0,58.7687
ABANDONO,143,2023-08-28 15:26:00.000,"2016","2","2015","1",CONJUNTO CEARA                ,FORTALEZA                     ,CE,0,"0",3,26,,99,38,52.0,61.1567
CURSANDO,144,2016-08-16 11:34:42.663,"2016","2","2015","1",TAUAPE                        ,FORTALEZA                     ,CE,1,"0",1,25,,99,39,62.0,59.3657
CURSANDO,145,2016-08-16 09:40:57.450,"2016","2","1999","1",JARDIM DAS OLIVEIRAS          ,FORTALEZA                     ,CE,0,"0",2,41,237,99,42,60.0,60.5597
DESISTENTE,146,2019-08-22 00:00:00.000,"2016","2","2015","1",ALDEOTA                       ,FORTALEZA                     ,CE,0,"0",3,26,,99,43,56.0,74.2908
GRADUADO,147,2022-09-09 00:00:00.000,"2016","2","2016","1",MESSEJANA                     ,FORTALEZA                     ,CE,0,"0",3,30,237,99,46,54.0,50.4106
DESISTENTE,148,2017-03-16 00:00:00.000,"2016","2","2015","1",PRESIDENTE KENNEDY            ,FORTALEZA                     ,CE,0,"0",1,25,,99,50,62.0,48.6196
CURSANDO,149,2016-08-16 15:42:11.190,"2016","2","2015","1",JARDIM AMERICA                ,FORTALEZA                     ,CE,1,"0",1,25,237,99,53,58.0,61.1567
GRADUADO,150,2023-02-24 00:00:00.000,"2016","2","2012","1",JARDIM AMERICA                ,FORTALEZA                     ,CE,0,"0",1,29,237,99,56,38.0,63.5447
CURSANDO,151,2016-08-16 09:52:10.973,"2016","2","2014","2",JARDIM IRACEMA                ,FORTALEZA                     ,CE,1,"0",3,26,1,99,61,58.0,58.7687
ABANDONO,152,2023-08-28 15:26:00.000,"2016","2","2016","1",SAPIRANGA                     ,FORTALEZA                     ,CE,0,"0",1,25,,99,64,62.0,54.5896
ABANDONO,153,2023-08-28 15:26:00.000,"2016","2","2014","1",CENTRO                        ,FORTALEZA                     ,CE,0,"0",3,36,,99,65,48.0,44.4405
CURSANDO,154,2016-08-17 09:27:51.957,"2016","2","2015","1",CASTELAO                      ,FORTALEZA                     ,CE,1,"0",1,25,237,99,68,62.0,62.9477
GRADUADO,155,2022-02-15 00:00:00.000,"2016","2","2013","1",LAGOA REDONDA                 ,FORTALEZA                     ,CE,0,"0",2,27,237,99,69,50.0,58.7687
DESISTENTE,156,2019-06-05 00:00:00.000,"2016","2","2015","1",PADRE ANDRADE                 ,FORTALEZA                     ,CE,0,"0",3,25,,99,74,64.0,46.2315
CURSANDO,157,2016-08-19 09:44:54.320,"2016","2","2015","1",PARANGABA                     ,FORTALEZA                     ,CE,1,"0",3,26,,99,76,54.0,44.4405
CURSANDO,158,2016-08-19 09:39:27.420,"2016","2","2015","1",BENFICA                       ,FORTALEZA                     ,CE,0,"0",3,26,,99,79,62.0,46.2315
ABANDONO,159,2023-08-28 15:26:00.000,"2016","2","2015","1",PAJUCARA                      ,MARACANAU                     ,CE,0,"0",3,24,,99,82,54.0,65.9328
ABANDONO,160,2023-08-28 15:26:00.000,"2016","2","2014","1",PARQUELANDIA                  ,FORTALEZA                     ,CE,0,"0",1,26,,99,86,54.0,57.5747
ABANDONO,161,2023-08-28 15:26:00.000,"2016","2","2012","1",VILA PERI                     ,FORTALEZA                     ,CE,0,"0",2,30,,99,90,48.0,55.7836
ABANDONO,162,2023-08-28 15:26:00.000,"2016","2","2015","1",CANINDEZINHO                  ,FORTALEZA                     ,CE,0,"0",3,25,,99,91,48.0,60.5597
CURSANDO,163,2016-08-19 09:49:03.377,"2016","2","2015","1",JARDIM AMERICA                ,FORTALEZA                     ,CE,1,"0",1,25,1,99,93,56.0,37.2764
CURSANDO,164,2016-08-19 10:27:59.690,"2016","2","2015","1",MONTESE                       ,FORTALEZA                     ,CE,0,"0",4,27,,99,94,44.0,57.5747
ABANDONO,165,2023-08-28 15:26:00.000,"2016","2","2014","1",PARANGABA                     ,FORTALEZA                     ,CE,0,"0",3,26,,99,95,56.0,46.8285
CURSANDO,166,2016-08-19 10:32:28.547,"2016","2","2015","1",VILA PERI                     ,FORTALEZA                     ,CE,0,"0",1,24,,99,96,52.0,49.8136
CURSANDO,167,2016-08-16 09:59:28.060,"2016","2","2015","2",Itaperi                       ,FORTALEZA                     ,CE,0,"9",1,25,237,99,24,42.0,64.2585
ABANDONO,168,2023-08-28 15:26:00.000,"2016","2","2016","1",MESSEJANA                     ,FORTALEZA                     ,CE,0,"0",1,24,,99,28,92.0,61.7537
DESISTENTE,169,2017-03-10 00:00:00.000,"2016","2","2014","2",VILA PERI                     ,FORTALEZA                     ,CE,0,"0",3,26,,99,30,78.0,64.7387
GRADUADO,170,2022-08-03 00:00:00.000,"2016","2","2016","1",CURIO                         ,FORTALEZA                     ,CE,0,"0",3,24,,99,31,80.0,61.1567
ABANDONO,171,2023-08-28 15:26:00.000,"2017","1","2016","1",LUCIANO CAVALCANTE            ,FORTALEZA                     ,CE,0,"0",3,24,,99,14,96.0,74.6151
CURSANDO,172,2023-08-28 00:00:00.000,"2017","1","2016","1",VILA BETANIA                  ,FORTALEZA                     ,CE,1,"0",3,24,1,99,8,94.0,71.0579
DESISTENTE,173,2017-07-28 00:00:00.000,"2017","1","2016","1",CIDADE DOS FUNCIONARIOS       ,FORTALEZA                     ,CE,0,"0",3,24,,99,20,90.0,72.2437
GRADUADO,174,2023-01-18 00:00:00.000,"2017","1","2012","1",PARQUE MANIBURA               ,FORTALEZA                     ,CE,0,"0",1,29,237,99,30,86.0,58.6077
ABANDONO,175,2023-08-28 15:26:00.000,"2017","1","2016","1",DIONISIO TORRES               ,FORTALEZA                     ,CE,0,"0",1,24,,99,31,92.0,58.0148
DESISTENTE,176,2018-03-12 00:00:00.000,"2017","1","2016","1",JOSE WALTER                   ,FORTALEZA                     ,CE,0,"0",1,24,,99,35,92.0,71.6508
CURSANDO,177,2017-05-17 09:33:32.857,"2017","1","2016","2",AMADEU FURTADO                ,FORTALEZA                     ,CE,1,"0",4,24,,99,38,92.0,72.2437
CURSANDO,178,2017-05-17 15:23:58.200,"2017","1","2016","1",JOAQUIM TAVORA                ,FORTALEZA                     ,CE,1,"0",1,24,237,99,42,88.0,66.315
GRADUADO,179,2023-08-25 00:00:00.000,"2017","1","2013","1",MEIRELES                      ,FORTALEZA                     ,CE,0,"0",1,27,237,99,51,82.0,66.9079
ABANDONO,180,2023-08-28 15:26:00.000,"2017","1","2002","1",DOM LUSTOSA                   ,FORTALEZA                     ,CE,0,"0",1,39,,99,65,88.0,53.8648
ABANDONO,181,2023-08-28 15:26:00.000,"2017","1","2016","1",PAPICU                        ,FORTALEZA                     ,CE,0,"0",3,24,,99,66,82.0,72.2437
CURSANDO,182,2017-05-17 10:37:28.307,"2017","1","2011","1",DAMAS                         ,FORTALEZA                     ,CE,0,"0",3,28,,99,80,84.0,53.8648
CURSANDO,183,2017-05-17 09:29:30.763,"2017","1","2016","1",Aldeota                       ,FORTALEZA                     ,CE,0,"0",1,25,,99,91,80.0,59.7935
ABANDONO,184,2023-08-28 15:26:00.000,"2017","1","2015","1",JANGURUSSU                    ,FORTALEZA                     ,CE,0,"0",3,25,,99,94,80.0,50.3076
CURSANDO,185,2017-05-17 10:10:43.663,"2017","1","2015","1",SIQUEIRA                      ,FORTALEZA                     ,CE,0,"0",3,25,237,99,50,54.0,72.8365
CURSANDO,186,2017-02-07 09:53:46.620,"2017","1","2014","1",ITAPERI                       ,FORTALEZA                     ,CE,0,"0",3,25,237,3,1,,
TRANSFERIDO,187,2019-02-08 00:00:00.000,"2017","1","2015","1",ESMERINO GOMES                ,ITAPAGÉ                       ,CE,0,"0",3,25,237,2,1,,
CURSANDO,188,2017-02-06 15:16:42.510,"2017","1","2016","1",BELA VISTA                    ,FORTALEZA                     ,CE,1,"0",2,24,237,2,1,,
ABANDONO,189,2023-08-28 15:26:00.000,"2017","1","2009","1",MESSEJANA                     ,FORTALEZA                     ,CE,0,"0",3,39,,2,1,,
ABANDONO,190,2023-08-28 15:26:00.000,"2017","1","2013","1",JARDIM AMERICA                ,FORTALEZA                     ,CE,0,"0",5,29,,2,1,,
DESISTENTE,191,2018-09-06 00:00:00.000,"2017","1","2016","1",MESTRE ANTÔNIO                ,CAUCAIA                       ,CE,0,"0",2,24,,3,1,,
CURSANDO,192,2017-02-07 10:52:37.253,"2017","1","2016","1",CENTRO                        ,TRAIRI                        ,CE,1,"0",3,24,237,2,2,,
ABANDONO,193,2023-08-28 15:26:00.000,"2017","1","2016","1",BARROCÃO                      ,ITAITINGA                     ,CE,0,"0",3,24,,2,2,,
ABANDONO,194,2023-08-28 15:26:00.000,"2017","1","2012","1",PAPICU                        ,FORTALEZA                     ,CE,0,"0",1,28,,3,2,,
ABANDONO,195,2023-08-28 15:26:00.000,"2017","1","2014","1",MONDUBIM                      ,FORTALEZA                     ,CE,0,"0",2,26,,3,2,,
ABANDONO,196,2023-08-28 15:26:00.000,"2017","1","2016","1",VILA PERI                     ,FORTALEZA                     ,CE,0,"0",1,24,,3,3,,
ABANDONO,197,2023-08-28 15:26:00.000,"2017","1","2016","1",BARRA DO CEARA                ,FORTALEZA                     ,CE,0,"0",2,25,,3,3,,
DESISTENTE,198,2019-03-12 00:00:00.000,"2017","1","2016","1",DIAS MACEDO                   ,FORTALEZA                     ,CE,0,"0",3,27,,2,3,,
CURSANDO,199,2017-02-07 10:17:38.987,"2017","1","2016","1",CENTRO                        ,CASCAVEL                      ,CE,1,"0",3,24,237,2,3,,
ABANDONO,200,2023-08-28 15:26:00.000,"2017","1","2015","1",MESSEJANA                     ,FORTALEZA                     ,CE,0,"0",3,25,,2,4,,
DESISTENTE,201,2018-12-04 00:00:00.000,"2017","1","2016","1",SANTO ANTÔNIO                 ,EUSÉBIO                       ,CE,0,"0",3,23,237,2,4,,
ABANDONO,202,2023-08-28 15:26:00.000,"2017","1","2015","1",JACARECANGA                   ,FORTALEZA                     ,CE,0,"0",3,27,,2,5,,
CURSANDO,203,2017-02-03 11:16:27.023,"2017","1","2015","1",JANGURUSSU                    ,FORTALEZA                     ,CE,0,"0",3,25,,2,6,,
CURSANDO,204,2017-02-03 17:02:10.767,"2017","1","2008","1",MONTESE                       ,FORTALEZA                     ,CE,1,"0",3,32,237,2,6,,
CURSANDO,205,2017-12-12 00:00:00.000,"2017","2","1999","1",JOSE DE ALENCAR               ,FORTALEZA                     ,CE,0,"0",2,43,,99,,,
ABANDONO,206,2023-08-28 15:26:00.000,"2017","2","1994","1",MONTESE                       ,FORTALEZA                     ,CE,0,"0",0,45,,99,,,
ABANDONO,207,2023-08-28 15:26:00.000,"2017","2","2003","1",MEIRELES                      ,FORTALEZA                     ,CE,0,"0",0,37,,99,9,104.0,67.7975
CURSANDO,208,2023-08-28 00:00:00.000,"2017","2","2012","1",MONDUBIM                      ,FORTALEZA                     ,CE,1,"0",3,28,237,99,15,102.0,59.0764
DESISTENTE,209,2018-02-06 00:00:00.000,"2017","2","2016","1",PASSARE                       ,FORTALEZA                     ,CE,0,"0",3,24,,99,17,116.0,56.5113
DESISTENTE,210,2018-02-01 00:00:00.000,"2017","2","2017","1",CONJUNTO TIMBO                ,MARACANAU                     ,CE,0,"0",3,23,,99,27,102.0,72.9275
DESISTENTE,211,2018-02-06 00:00:00.000,"2017","2","2017","1",MONTESE                       ,FORTALEZA                     ,CE,0,"0",3,23,,99,28,86.0,71.3885
DESISTENTE,212,2018-05-30 00:00:00.000,"2017","2","2016","1",DIONISIO TORRES               ,FORTALEZA                     ,CE,0,"0",1,24,,99,30,80.0,68.3105
TRANSFERIDO,213,2019-08-23 00:00:00.000,"2017","2","2016","2",JARDIM AMERICA                ,FORTALEZA                     ,CE,0,"0",1,24,,99,33,104.0,48.3033
DESISTENTE,214,2018-01-30 00:00:00.000,"2017","2","2017","1",PAJUCARA                      ,MARACANAU                     ,CE,0,"0",1,23,,99,35,96.0,61.6414
CURSANDO,215,2018-01-25 00:00:00.000,"2017","2","2016","1",CENTRO                        ,PINDORETAMA                   ,CE,0,"0",3,24,,99,39,84.0,70.8755
DESISTENTE,216,2018-02-05 00:00:00.000,"2017","2","2017","1",JOQUEI CLUBE                  ,FORTALEZA                     ,CE,0,"0",1,23,,99,40,92.0,56.5113
DESISTENTE,217,2018-07-09 00:00:00.000,"2017","2","2016","1",ITAPERY                       ,FORTALEZA                     ,CE,0,"0",3,24,,99,5,78.0,63.1804
DESISTENTE,218,2019-04-16 00:00:00.000,"2017","2","2017","1",PAPICU                        ,FORTALEZA                     ,CE,0,"0",1,24,,99,6,80.0,65.7454
CURSANDO,219,2018-01-25 00:00:00.000,"2017","2","2014","1",HENRIQUE JORGE                ,FORTALEZA                     ,CE,0,"0",1,26,,99,7,70.0,49.3293
CURSANDO,220,2018-01-25 00:00:00.000,"2017","2","2015","1",JACARECANGA                   ,FORTALEZA                     ,CE,1,"0",1,25,237,99,9,82.0,62.6674
DESISTENTE,221,2018-04-05 00:00:00.000,"2017","2","2017","1",BARROSO                       ,FORTALEZA                     ,CE,0,"0",3,23,,99,10,90.0,61.1284
ABANDONO,222,2023-08-28 15:26:00.000,"2017","2","2016","1",PASSARE                       ,FORTALEZA                     ,CE,0,"0",1,24,,99,11,90.0,49.3293
DESISTENTE,223,2018-01-30 00:00:00.000,"2017","2","2016","1",QUINTINO CUNHA                ,FORTALEZA                     ,CE,0,"0",1,24,,99,12,92.0,30.8611
CURSANDO,224,2021-03-08 00:00:00.000,"2017","2","2017","1",PARANGABA                     ,FORTALEZA                     ,CE,0,"0",1,28,,99,13,86.0,62.6674
DESISTENTE,225,2018-01-31 00:00:00.000,"2017","2","2017","1",PARQUE PRESIDENTE VARGAS      ,FORTALEZA                     ,CE,0,"0",1,22,,99,15,78.0,44.1992
DESISTENTE,226,2018-01-31 00:00:00.000,"2017","2","2017","1",VILA VELHA                    ,FORTALEZA                     ,CE,0,"0",1,23,,99,17,82.0,43.1732
ABANDONO,227,2023-08-28 15:26:00.000,"2017","2","2004","2",JACARECANGA                   ,FORTALEZA                     ,CE,0,"0",1,36,,99,19,70.0,70.3625
ABANDONO,228,2023-08-28 15:26:00.000,"2017","2","2016","1",Joaquim Távora                ,FORTALEZA                     ,CE,0,"0",1,24,,99,20,88.0,48.8163
DESISTENTE,229,2018-02-05 00:00:00.000,"2017","2","2017","1",MONTESE                       ,FORTALEZA                     ,CE,0,"0",1,23,,99,21,90.0,41.6342
ABANDONO,230,2023-08-28 15:26:00.000,"2017","2","2015","1",MONDUBIM                      ,FORTALEZA                     ,CE,0,"0",1,25,,99,22,64.0,51.3813
GRADUADO,231,2023-07-18 00:00:00.000,"2017","2","2016","1",JANGURUSSU                    ,FORTALEZA                     ,CE,0,"0",3,25,237,99,24,74.0,63.1804
CURSANDO,232,2018-01-25 00:00:00.000,"2017","2","2016","2",FATIMA                        ,Fortaleza                     ,CE,0,"0",1,25,1,99,26,68.0,66.2584
CURSANDO,233,2018-01-25 00:00:00.000,"2017","2","2015","1",FARIAS BRITO                  ,FORTALEZA                     ,CE,0,"0",3,25,,99,27,76.0,56.5113
CURSANDO,234,2018-01-25 00:00:00.000,"2017","2","2012","1",PLANALTO ITAPERI              ,FORTALEZA                     ,CE,0,"0",3,29,,99,28,80.0,44.1992
ABANDONO,235,2023-08-28 15:26:00.000,"2017","2","2015","1",MONTE CASTELO                 ,FORTALEZA                     ,CE,0,"0",1,25,,99,32,76.0,60.6154
CURSANDO,236,2018-01-25 00:00:00.000,"2017","2","2015","1",JANGURUSSU                    ,FORTALEZA                     ,CE,0,"0",3,25,,99,34,94.0,47.7903
DESISTENTE,237,2018-06-25 00:00:00.000,"2017","2","2017","1",PARQUE DOIS IRMAOS            ,FORTALEZA                     ,CE,0,"0",1,24,,99,35,70.0,70.3625
ABANDONO,238,2023-08-28 15:26:00.000,"2017","2","2015","1",PARREAO                       ,FORTALEZA                     ,CE,0,"0",1,26,,99,38,74.0,55.4853
ABANDONO,239,2023-08-28 15:26:00.000,"2017","2","2016","2",PAPICU                        ,FORTALEZA                     ,CE,0,"0",1,24,,99,39,72.0,62.1544
ABANDONO,240,2023-08-28 15:26:00.000,"2017","2","2017","1",MONDUBIM                      ,FORTALEZA                     ,CE,0,"0",2,23,,99,40,62.0,63.1804
DESISTENTE,241,2018-02-19 00:00:00.000,"2017","2","2017","2",JOAQUIM TAVORA                ,FORTALEZA                     ,CE,0,"0",3,23,,99,41,92.0,33.9391
ABANDONO,242,2023-08-28 15:26:00.000,"2017","2","2016","1",TABAPUA                       ,CAUCAIA                       ,CE,0,"0",3,24,,99,42,72.0,62.6674
DESISTENTE,243,2019-10-01 00:00:00.000,"2017","2","2016","1",JOAO XXIII                    ,FORTALEZA                     ,CE,0,"0",1,24,,99,46,80.0,46.2512
DESISTENTE,244,2018-02-21 00:00:00.000,"2017","2","2017","1",MEIRELES                      ,FORTALEZA                     ,CE,0,"0",3,23,,99,47,76.0,43.6862
CURSANDO,245,2018-01-25 00:00:00.000,"2017","2","2016","1",SAO GERARDO                   ,FORTALEZA                     ,CE,0,"0",3,24,,99,48,62.0,60.6154
DESISTENTE,246,2018-03-13 00:00:00.000,"2017","2","2016","1",ALDEOMA                       ,MARANGUAPE                    ,CE,0,"0",1,24,,99,49,68.0,49.3293
CURSANDO,247,2018-07-12 00:00:00.000,"2018","1","2005","1",LUCIANO CAVALCANTE            ,FORTALEZA                     ,CE,0,"0",3,36,,99,,,
ABANDONO,248,2023-08-28 15:26:00.000,"2018","1","2016","1",CENTRO                        ,FORTALEZA                     ,CE,0,"0",0,24,,99,,,
CURSANDO,249,2018-07-12 00:00:00.000,"2018","1","2004","1",DENDE                         ,FORTALEZA                     ,CE,0,"0",3,36,,99,,,
ABANDONO,250,2023-08-28 15:26:00.000,"2018","1","2017","1",MONTESE                       ,FORTALEZA                     ,CE,0,"0",3,23,,99,,,
DESISTENTE,251,2019-01-07 00:00:00.000,"2018","1","2000","2",CIDADE DOS FUNCIONARIOS       ,FORTALEZA                     ,CE,0,"0",1,42,,99,,,
GRADUADO,252,2023-07-18 00:00:00.000,"2018","1","2017","1",JACARECANGA                   ,FORTALEZA                     ,CE,0,"0",1,23,237,99,,,
ABANDONO,253,2023-08-28 15:26:00.000,"2018","1","2017","1",MEIRELES                      ,FORTALEZA                     ,CE,0,"0",2,23,,99,,,
ABANDONO,254,2023-08-28 15:26:00.000,"2018","1","2017","1",MONTESE                       ,FORTALEZA                     ,CE,0,"0",1,24,,99,,,
CURSANDO,255,2018-07-12 00:00:00.000,"2018","1","2016","1",PARQUE DOIS IRMAOS            ,FORTALEZA                     ,CE,0,"0",1,24,,99,,,
CURSANDO,256,2018-07-12 00:00:00.000,"2018","1","2000","1",FLORESTA                      ,FORTALEZA                     ,CE,1,"0",1,26,237,99,,,
ABANDONO,257,2023-08-28 15:26:00.000,"2018","1","2016","1",TABAPUAZINHO                  ,CAUCAIA                       ,CE,0,"0",3,24,,2,1,50.0,55.5728
ABANDONO,258,2023-08-28 15:26:00.000,"2018","1","2016","1",JOAQUIM TAVORA                ,FORTALEZA                     ,CE,0,"0",3,25,,2,2,70.0,39.8147
DESISTENTE,259,2022-07-12 00:00:00.000,"2018","1","2017","1",PARQUELANDIA                  ,FORTALEZA                     ,CE,0,"0",1,23,,99,20,100.0,61.7805
DESISTENTE,260,2022-07-26 00:00:00.000,"2018","1","2016","1",CENTRO                        ,PARAIPABA                     ,CE,0,"0",3,24,237,99,25,90.0,67.5107
DESISTENTE,261,2022-07-12 00:00:00.000,"2018","1","2017","1",PARQUELANDIA                  ,FORTALEZA                     ,CE,0,"0",1,23,,99,30,108.0,45.5449
CURSANDO,262,2018-07-12 00:00:00.000,"2018","1","2017","1",PARANGABA                     ,FORTALEZA                     ,CE,0,"0",3,23,,99,33,90.0,64.1681
CURSANDO,263,2018-07-12 00:00:00.000,"2018","1","1990","1",CAMURUPIM                     ,CAUCAIA                       ,CE,0,"0",1,51,,99,38,88.0,59.3929
DESISTENTE,264,2018-07-18 00:00:00.000,"2018","1","2017","2",CENTRO                        ,FORTALEZA                     ,CE,0,"0",1,23,,99,1,100.0,60.8255
ABANDONO,265,2023-08-28 15:26:00.000,"2018","1","2017","1",SALINAS                       ,FORTALEZA                     ,CE,0,"0",1,23,,99,11,106.0,53.1852
ABANDONO,266,2023-08-28 15:26:00.000,"2018","1","2017","1",MESSEJANA                     ,FORTALEZA                     ,CE,0,"0",1,24,,99,16,86.0,67.5107
DESISTENTE,267,2019-01-25 00:00:00.000,"2018","1","2017","1",JANGURUSSU                    ,FORTALEZA                     ,CE,0,"0",3,23,,99,33,92.0,61.7805
CURSANDO,268,2018-07-12 00:00:00.000,"2018","1","2017","1",AUTRAN NUNES                  ,FORTALEZA                     ,CE,0,"0",1,24,,99,38,92.0,62.7355
ABANDONO,269,2023-08-28 15:26:00.000,"2018","1","2012","2",CONJUNTO CEARA                ,FORTALEZA                     ,CE,0,"0",3,28,,99,59,84.0,57.0053
CURSANDO,270,2018-07-12 00:00:00.000,"2018","1","2017","2",MEIRELES                      ,FORTALEZA                     ,CE,1,"4",1,23,,99,61,86.0,46.0224
CURSANDO,271,2018-07-12 00:00:00.000,"2018","1","2017","1",ALDEOTA                       ,FORTALEZA                     ,CE,1,"0",1,23,237,99,64,90.0,54.6177
TRANSFERIDO,272,2022-07-28 00:00:00.000,"2018","1","2017","1",JANGURUSSU                    ,FORTALEZA                     ,CE,0,"0",1,22,,99,8,80.0,58.4379
CURSANDO,273,2018-12-04 11:23:48.167,"2018","2","2001","1",PARQUE DOIS IRMAOS            ,FORTALEZA                     ,CE,0,"0",3,39,,99,,,
CURSANDO,274,2018-12-04 00:00:00.000,"2018","2","2011","1",JARDIM GUANABARA              ,FORTALEZA                     ,CE,0,"0",1,37,,99,,,
CURSANDO,275,2018-12-06 00:00:00.000,"2018","2","1998","1",VILA PERY                     ,FORTALEZA                     ,CE,0,"0",3,46,237,99,,,
CURSANDO,276,2018-12-13 00:00:00.000,"2018","2","2017","1",MESSEJANA                     ,FORTALEZA                     ,CE,0,"0",3,24,237,2,1,80.0,69.5339
ABANDONO,277,2023-08-28 15:26:00.000,"2018","2","2017","1",JOQUEI CLUB                   ,FORTALEZA                     ,CE,0,"0",3,23,,3,2,52.0,64.4207
ABANDONO,278,2023-08-28 15:26:00.000,"2018","2","2018","1",BARRA DO CEARA                ,FORTALEZA                     ,CE,0,"0",3,23,,2,3,34.0,68.9657
CURSANDO,279,2018-12-13 00:00:00.000,"2018","2","2016","1",ITAPERI                       ,FORTALEZA                     ,CE,0,"0",1,25,1,99,12,104.0,63.8526
DESISTENTE,280,2019-01-29 00:00:00.000,"2018","2","2015","2",PASSARE                       ,FORTALEZA                     ,CE,0,"0",1,26,,99,13,92.0,74.0789
CURSANDO,281,2023-11-08 00:00:00.000,"2018","2","2017","1",ITAOCA                        ,FORTALEZA                     ,CE,0,"0",1,23,,99,15,94.0,73.5108
DESISTENTE,282,2020-03-06 00:00:00.000,"2018","2","2018","2",PRESIDENTE KENNEDY            ,FORTALEZA                     ,CE,0,"0",1,23,,99,18,74.0,75.2151
ABANDONO,283,2023-08-28 15:26:00.000,"2018","2","2015","1",FATIMA                        ,FORTALEZA                     ,CE,0,"0",3,25,,99,19,78.0,63.2844
CURSANDO,284,2018-12-13 00:00:00.000,"2018","2","2018","1",ITAPERI                       ,FORTALEZA                     ,CE,0,"0",1,23,237,99,20,90.0,72.3745
DESISTENTE,285,2019-02-11 00:00:00.000,"2018","2","2018","1",ANTONIO BEZERRA               ,FORTALEZA                     ,CE,0,"0",1,23,,99,21,98.0,73.5108
DESISTENTE,286,2019-01-31 00:00:00.000,"2018","2","2018","1",CENTRO                        ,MARANGUAPE                    ,CE,0,"0",1,22,,99,22,88.0,71.2382
CURSANDO,287,2018-12-13 00:00:00.000,"2018","2","2018","1",MONTE CASTELO                 ,FORTALEZA                     ,CE,0,"0",1,22,237,99,24,88.0,72.9426
CURSANDO,288,2018-12-13 00:00:00.000,"2018","2","2011","1",BARRA DO CEARA                ,FORTALEZA                     ,CE,0,"0",3,29,,99,27,78.0,72.3745
CURSANDO,289,2018-12-13 00:00:00.000,"2018","2","2018","1",AUTRAN NUNES                  ,FORTALEZA                     ,CE,0,"0",3,22,,99,28,96.0,63.8526
DESISTENTE,290,2019-02-05 00:00:00.000,"2018","2","2018","1",AMADEU FURTADO                ,FORTALEZA                     ,CE,0,"0",1,22,,99,30,90.0,75.2151
DESISTENTE,291,2019-01-31 00:00:00.000,"2018","2","2018","2",MONTESE                       ,FORTALEZA                     ,CE,0,"0",1,23,,99,34,90.0,70.6701
CURSANDO,292,2018-12-13 00:00:00.000,"2018","2","2018","2",PARANGABA                     ,FORTALEZA                     ,CE,1,"0",1,22,237,99,35,98.0,70.6701
DESISTENTE,293,2019-01-31 00:00:00.000,"2018","2","2018","1",DIONISIO TORRES               ,FORTALEZA                     ,CE,0,"0",1,22,,99,1,92.0,67.8295
DESISTENTE,294,2020-10-20 00:00:00.000,"2018","2","2011","1",VILA VELHA                    ,FORTALEZA                     ,CE,0,"0",1,28,,99,4,72.0,64.9888
DESISTENTE,295,2019-01-29 00:00:00.000,"2018","2","2017","1",CRISTO REDENTOR               ,FORTALEZA                     ,CE,0,"0",2,23,,99,7,86.0,68.9657
ABANDONO,296,2023-08-28 15:26:00.000,"2018","2","2000","1",MARAPONGA                     ,FORTALEZA                     ,CE,0,"0",3,40,,99,8,88.0,68.9657
CURSANDO,297,2018-12-13 00:00:00.000,"2018","2","2017","1",JACARECANGA                   ,FORTALEZA                     ,CE,1,"0",1,24,237,99,10,92.0,64.9888
DESISTENTE,298,2021-04-29 00:00:00.000,"2018","2","2017","1",DEMOCRITO ROCHA               ,FORTALEZA                     ,CE,0,"0",1,23,,99,11,78.0,74.647
CURSANDO,299,2018-12-13 00:00:00.000,"2018","2","2018","1",JOAQUIM TAVORA                ,FORTALEZA                     ,CE,0,"0",1,24,,99,13,72.0,62.1482
TRANSFERIDO,300,2023-01-18 00:00:00.000,"2018","2","2016","2",LUCIANO CAVALCANTE            ,FORTALEZA                     ,CE,0,"0",4,23,,99,14,84.0,68.9657
CURSANDO,301,2023-06-01 00:00:00.000,"2018","2","2018","1",PASSARE                       ,FORTALEZA                     ,CE,0,"0",3,22,,99,15,74.0,70.6701
DESISTENTE,302,2019-07-03 00:00:00.000,"2018","2","2017","2",CANINDEZINHO                  ,FORTALEZA                     ,CE,0,"0",3,23,,99,17,72.0,75.2151
CURSANDO,303,2018-12-13 00:00:00.000,"2018","2","2018","1",PAUPINA                       ,FORTALEZA                     ,CE,0,"0",1,23,,99,23,72.0,73.5108
CURSANDO,304,2018-12-13 00:00:00.000,"2018","2","2016","1",JANGURUSSU                    ,FORTALEZA                     ,CE,0,"0",3,23,,99,26,66.0,62.1482
CURSANDO,305,2018-12-13 00:00:00.000,"2018","2","2013","1",AMADEU FURTADO                ,FORTALEZA                     ,CE,0,"0",1,27,237,99,27,86.0,64.9888
CURSANDO,306,2018-12-13 00:00:00.000,"2018","2","2014","1",ARATURI                       ,CAUCAIA                       ,CE,0,"0",1,26,237,99,29,74.0,66.6932
ABANDONO,307,2023-08-28 15:26:00.000,"2018","2","2018","1",PASSARE                       ,FORTALEZA                     ,CE,0,"0",3,22,,99,30,78.0,71.2382
CURSANDO,308,2018-12-13 00:00:00.000,"2018","2","2018","2",NOVA METROPOLE                ,CAUCAIA                       ,CE,0,"0",1,23,237,99,31,72.0,68.3976
CURSANDO,309,2018-12-13 00:00:00.000,"2018","2","2018","1",VILA PERY                     ,FORTALEZA                     ,CE,0,"0",3,24,,99,32,78.0,68.3976
CURSANDO,310,2018-12-13 00:00:00.000,"2018","2","2018","1",JOSE WALTER LOT MONTENEGRO II ,FORTALEZA                     ,CE,0,"0",3,22,237,99,33,76.0,70.102
CURSANDO,311,2021-06-14 00:00:00.000,"2018","2","2018","1",ANTONIO BEZERRA               ,FORTALEZA                     ,CE,0,"0",1,23,,99,34,78.0,68.9657
CURSANDO,312,2018-12-13 00:00:00.000,"2018","2","2017","1",JOAQUIM TAVORA                ,FORTALEZA                     ,CE,0,"0",3,24,,99,36,58.0,70.102
CURSANDO,313,2018-12-13 00:00:00.000,"2018","2","2015","1",MESSEJANA                     ,FORTALEZA                     ,CE,0,"0",1,26,237,99,37,78.0,57.6032
CURSANDO,314,2018-12-14 00:00:00.000,"2018","2","2017","1",BELA VISTA                    ,FORTALEZA                     ,CE,0,"0",0,23,,99,2,,
ABANDONO,315,2023-08-28 15:26:00.000,"2018","2","2008","2",PARANGABA                     ,FORTALEZA                     ,CE,0,"0",3,32,,99,3,,
DESISTENTE,316,2023-06-19 00:00:00.000,"2018","2","2017","1",CANINDEZINHO                  ,FORTALEZA                     ,CE,0,"0",3,22,1,99,3,,
ABANDONO,317,2023-08-28 15:26:00.000,"2018","2","2018","1",JOAQUIM TAVORA                ,FORTALEZA                     ,CE,0,"0",1,23,,99,,,
DESISTENTE,318,2019-08-02 00:00:00.000,"2019","1","2017","2",CENTRO                        ,TAUA                          ,CE,0,"0",0,23,,3,1,58.0,57.8307
CURSANDO,319,2019-06-03 00:00:00.000,"2019","1","2017","1",GRANJA PORTUGAL               ,FORTALEZA                     ,CE,0,"0",2,23,,2,1,72.0,56.0028
CURSANDO,320,2019-06-03 00:00:00.000,"2019","1","2013","1",PARQUE POTIRA                 ,CAUCAIA                       ,CE,0,"0",3,28,237,3,2,52.0,66.5132
CURSANDO,321,2019-06-03 00:00:00.000,"2019","1","2011","1",ITAOCA                        ,FORTALEZA                     ,CE,0,"0",3,30,,2,2,62.0,65.1423
DESISTENTE,322,2022-05-11 00:00:00.000,"2019","1","2018","1",JOAO XXIII                    ,FORTALEZA                     ,CE,0,"12",3,24,,1,1,48.0,41.3796
CURSANDO,323,2023-06-01 00:00:00.000,"2019","1","2018","1",ITAPERI                       ,FORTALEZA                     ,CE,0,"0",3,22,,99,18,90.0,72.3465
CURSANDO,324,2019-06-03 00:00:00.000,"2019","1","2018","2",CIDADE DOS FUNCIONARIOS       ,FORTALEZA                     ,CE,0,"0",3,22,237,99,3,138.0,74.2818
ABANDONO,325,2023-08-28 15:26:00.000,"2019","1","2011","1",JANGURUSSU                    ,FORTALEZA                     ,CE,0,"0",1,29,,99,20,110.0,70.626
CURSANDO,326,2019-06-03 00:00:00.000,"2019","1","2018","1",FATIMA                        ,FORTALEZA                     ,CE,0,"0",0,22,237,99,21,106.0,69.2551
ABANDONO,327,2023-08-28 15:26:00.000,"2019","1","2012","1",CRISTO REDENTOR               ,FORTALEZA                     ,CE,0,"0",0,28,,99,24,88.0,67.8842
ABANDONO,328,2023-08-28 15:26:00.000,"2019","1","2018","1",ENGENHEIRO LUCIANO CAVALCANTE ,FORTALEZA                     ,CE,0,"0",0,23,,99,30,106.0,68.3411
CURSANDO,329,2022-06-07 00:00:00.000,"2019","1","2018","1",LAGOA REDONDA                 ,FORTALEZA                     ,CE,0,"0",3,22,,99,33,90.0,64.6853
CURSANDO,330,2019-06-03 00:00:00.000,"2019","1","2010","1",JOSE WALTER                   ,FORTALEZA                     ,CE,1,"0",1,32,,99,4,86.0,67.8842
CURSANDO,331,2019-06-03 00:00:00.000,"2019","1","2018","1",VILA UNIAO                    ,FORTALEZA                     ,CE,0,"0",3,22,,99,8,84.0,61.9435
ABANDONO,332,2023-08-28 15:26:00.000,"2019","1","2016","1",BARRA DO CEARA                ,FORTALEZA                     ,CE,0,"0",0,24,,99,12,100.0,70.169
ABANDONO,333,2023-08-28 15:26:00.000,"2019","1","2018","1",SERRINHA                      ,FORTALEZA                     ,CE,0,"0",0,22,,99,16,90.0,70.169
CURSANDO,334,2019-06-03 00:00:00.000,"2019","1","2018","1",SERRINHA                      ,FORTALEZA                     ,CE,0,"0",1,22,,99,17,88.0,72.9109
CURSANDO,335,2019-06-03 00:00:00.000,"2019","1","2018","1",ITAPERI                       ,FORTALEZA                     ,CE,0,"0",3,22,,99,19,76.0,68.7981
CURSANDO,336,2019-06-03 00:00:00.000,"2019","1","2018","2",JOQUEI CLUBE                  ,FORTALEZA                     ,CE,0,"0",1,22,237,99,24,92.0,71.997
CURSANDO,337,2019-06-03 00:00:00.000,"2019","1","2018","1",VILA UNIAO                    ,FORTALEZA                     ,CE,0,"0",1,23,,99,29,90.0,63.3144
CURSANDO,338,2022-11-01 00:00:00.000,"2019","1","2018","1",ITAOCA                        ,FORTALEZA                     ,CE,0,"0",1,22,,99,30,82.0,66.5132
CURSANDO,339,2019-06-03 00:00:00.000,"2019","1","2018","1",MESSEJANA                     ,FORTALEZA                     ,CE,0,"0",3,22,1,99,40,78.0,65.1423
CURSANDO,340,2019-06-03 00:00:00.000,"2019","1","2018","1",NOVA METROPOLE                ,CAUCAIA                       ,CE,0,"0",3,22,,99,43,92.0,66.0563
CURSANDO,341,2019-06-03 00:00:00.000,"2019","1","2018","1",PASSARE                       ,FORTALEZA                     ,CE,0,"0",3,22,,99,54,84.0,71.083
CURSANDO,342,2019-06-03 00:00:00.000,"2019","1","2018","1",CAJAZEIRAS                    ,FORTALEZA                     ,CE,0,"0",3,22,237,99,56,84.0,70.169
ABANDONO,343,2023-08-28 15:26:00.000,"2019","1","2018","1",BARRA DO CEARA                ,FORTALEZA                     ,CE,0,"0",2,24,,99,62,84.0,69.2551
CURSANDO,344,2019-06-03 00:00:00.000,"2019","1","2010","1",VARJOTA                       ,FORTALEZA                     ,CE,0,"0",1,30,,99,63,84.0,67.4272
DESISTENTE,345,2020-10-06 00:00:00.000,"2019","1","2018","1",LAGOA REDONDA                 ,FORTALEZA                     ,CE,0,"0",1,22,,99,68,76.0,73.3679
CURSANDO,346,2019-06-03 00:00:00.000,"2019","1","2018","1",MARAPONGA                     ,FORTALEZA                     ,CE,0,"0",1,22,,99,78,80.0,62.4005
ABANDONO,347,2023-08-28 15:26:00.000,"2019","1","2018","1",MONDUBIM                      ,FORTALEZA                     ,CE,0,"0",0,22,,99,86,88.0,71.083
ABANDONO,348,2023-08-28 15:26:00.000,"2019","1","2018","1",PASSARE                       ,FORTALEZA                     ,CE,0,"0",3,22,,99,87,78.0,71.997
CURSANDO,349,2019-06-03 00:00:00.000,"2019","1","2017","1",SAO JOAO DO TAUAPE            ,FORTALEZA                     ,CE,0,"0",1,22,,99,89,78.0,68.7981
CURSANDO,350,2019-06-03 00:00:00.000,"2019","1","2018","1",CURICACA                      ,CAUCAIA                       ,CE,0,"0",1,22,,99,94,80.0,69.7121
CURSANDO,351,2019-06-03 00:00:00.000,"2019","1","2018","1",VILA MANOEL SATIRO            ,FORTALEZA                     ,CE,0,"0",1,21,,99,98,76.0,71.54
CURSANDO,352,2019-06-03 00:00:00.000,"2019","1","2018","1",POVOADO DE AREIAS             ,PACAJUS                       ,CE,0,"0",2,22,,99,99,76.0,62.4005
CURSANDO,353,2019-06-03 00:00:00.000,"2019","1","2018","1",PARQUE SAO JOSE               ,FORTALEZA                     ,CE,0,"0",1,22,,99,100,78.0,68.3411
ABANDONO,354,2023-08-28 15:26:00.000,"2019","1","2018","1",NOVA METROPOLE                ,CAUCAIA                       ,CE,0,"0",3,23,,99,104,78.0,64.6853
CURSANDO,355,2019-06-03 00:00:00.000,"2019","1","2018","1",VILA VELHA                    ,FORTALEZA                     ,CE,0,"0",3,22,,99,107,84.0,66.5132
ABANDONO,356,2023-08-28 15:26:00.000,"2019","1","2018","1",CENTRO                        ,AQUIRAZ                       ,CE,0,"0",0,22,,99,108,78.0,61.0295
CURSANDO,357,2019-06-03 00:00:00.000,"2019","1","2018","1",AUTRAN NUNES                  ,FORTALEZA                     ,CE,0,"0",3,23,,99,120,78.0,58.7447
CURSANDO,358,2019-06-03 00:00:00.000,"2019","1","2018","1",MONDUBIM                      ,FORTALEZA                     ,CE,0,"0",0,22,,99,122,86.0,49.6052
CURSANDO,359,2019-06-03 00:00:00.000,"2019","1","2018","1",LAGOA REDONDA                 ,FORTALEZA                     ,CE,0,"0",3,22,,99,11,78.0,65.0313
ABANDONO,360,2023-08-28 15:26:00.000,"2019","1","2018","2",PARQUE POTIRA                 ,CAUCAIA                       ,CE,0,"0",3,22,,99,13,,
TRANSFERIDO,361,2022-07-28 00:00:00.000,"2019","2","2017","1",CANINDEZINHO                  ,FORTALEZA                     ,CE,0,"0",2,24,,2,1,84.0,69.1203
CURSANDO,362,2019-11-25 00:00:00.000,"2019","2","2017","1",NOVA METROPOLE CAUCAIA        ,CAUCAIA                       ,CE,0,"0",3,24,,2,1,82.0,74.2504
CURSANDO,363,2019-11-25 00:00:00.000,"2019","2","2018","1",SAPUPARA                      ,MARANGUAPE                    ,CE,0,"0",3,22,,3,1,78.0,62.0663
ABANDONO,364,2023-08-28 15:26:00.000,"2019","2","2018","1",CANINDEZINHO                  ,FORTALEZA                     ,CE,0,"0",0,22,,3,2,64.0,54.3711
CURSANDO,365,2019-11-25 00:00:00.000,"2019","2","2018","2",MESSEJANA                     ,FORTALEZA                     ,CE,0,"0",3,22,237,2,2,84.0,71.6853
CURSANDO,366,2019-11-25 00:00:00.000,"2019","2","2018","1",JANGURUSSU                    ,FORTALEZA                     ,CE,0,"0",3,22,237,2,3,76.0,69.1203
DESISTENTE,367,2020-02-11 00:00:00.000,"2019","2","2018","2",OUTRA BANDA                   ,MARANGUAPE                    ,CE,0,"0",1,22,,3,3,74.0,58.2187
CURSANDO,368,2019-11-25 00:00:00.000,"2019","2","2017","2",PARQUE SOLEDADE               ,CAUCAIA                       ,CE,0,"0",3,23,237,2,4,70.0,66.5552
CURSANDO,369,2019-11-25 00:00:00.000,"2019","2","2017","1",BARROSO                       ,FORTALEZA                     ,CE,0,"0",3,24,,2,5,82.0,67.1965
CURSANDO,370,2019-11-25 00:00:00.000,"2019","2","2017","1",HENRIQUE JORGE                ,FORTALEZA                     ,CE,0,"0",3,22,,2,6,86.0,60.7838
CURSANDO,371,2019-11-25 00:00:00.000,"2019","2","2017","1",PASSARE                       ,FORTALEZA                     ,CE,0,"0",3,23,,2,7,68.0,65.2727
ABANDONO,372,2023-08-28 15:26:00.000,"2019","2","2018","1",DIAS MACEDO                   ,FORTALEZA                     ,CE,0,"0",3,23,,2,8,80.0,55.6536
CURSANDO,373,2019-11-25 00:00:00.000,"2019","2","2018","1",SANTA RITA                    ,ITAPAJE                       ,CE,0,"0",3,23,,2,9,58.0,44.7521
DESISTENTE,374,2020-02-11 00:00:00.000,"2019","2","2018","1",CIDADE DOS FUNCIONARIOS       ,FORTALEZA                     ,CE,0,"0",1,22,,99,7,132.0,65.9139
ABANDONO,375,2023-08-28 15:26:00.000,"2019","2","2014","1",MONTESE                       ,FORTALEZA                     ,CE,0,"0",3,26,,99,15,122.0,67.8377
CURSANDO,376,2019-11-25 00:00:00.000,"2019","2","2019","1",JANGURUSSU                    ,FORTALEZA                     ,CE,0,"0",1,21,237,99,19,114.0,68.479
ABANDONO,377,2023-08-28 15:26:00.000,"2019","2","2019","1",JOAO XXIII                    ,FORTALEZA                     ,CE,0,"0",0,21,,99,21,104.0,74.8917
ABANDONO,378,2023-08-28 15:26:00.000,"2019","2","2018","1",CAMBEBA                       ,FORTALEZA                     ,CE,0,"0",1,22,,99,23,112.0,70.4028
CURSANDO,379,2019-11-25 00:00:00.000,"2019","2","2019","1",BENFICA                       ,FORTALEZA                     ,CE,0,"0",0,21,,99,25,116.0,71.0441
ABANDONO,380,2023-08-28 15:26:00.000,"2019","2","2019","1",PAPICU                        ,FORTALEZA                     ,CE,0,"0",1,21,,99,27,120.0,60.1425
CURSANDO,381,2019-11-25 00:00:00.000,"2019","2","2004","1",PASSARE                       ,FORTALEZA                     ,CE,1,"0",0,36,,99,3,114.0,67.1965
DESISTENTE,382,2020-01-29 00:00:00.000,"2019","2","2018","1",VILA ELLERY                   ,FORTALEZA                     ,CE,0,"0",1,23,,99,4,110.0,72.9679
CURSANDO,383,2019-11-25 00:00:00.000,"2019","2","2019","1",SAO FRANCISCO                 ,ACARAPE                       ,CE,0,"0",3,21,237,99,6,118.0,67.1965
CURSANDO,384,2019-11-25 00:00:00.000,"2019","2","2019","1",JANGURUSSU                    ,FORTALEZA                     ,CE,0,"0",1,22,,99,7,102.0,73.6091
CURSANDO,385,2019-11-25 00:00:00.000,"2019","2","2019","1",FATIMA                        ,FORTALEZA                     ,CE,0,"0",3,21,,99,10,110.0,71.0441
CURSANDO,386,2019-11-25 00:00:00.000,"2019","2","2019","1",CEARA                         ,FORTALEZA                     ,CE,0,"0",0,26,1,99,11,110.0,72.9679
CURSANDO,387,2019-11-25 00:00:00.000,"2019","2","2019","1",FARIAS BRITO                  ,FORTALEZA                     ,CE,0,"0",3,22,,99,14,110.0,70.4028
ABANDONO,388,2023-08-28 15:26:00.000,"2019","2","2019","1",JANGURUSSU                    ,FORTALEZA                     ,CE,0,"0",1,21,237,99,18,94.0,68.479
DESISTENTE,389,2019-12-12 00:00:00.000,"2019","2","2019","2",PRESIDENTE KENNEDY            ,FORTALEZA                     ,CE,0,"0",3,21,,99,23,94.0,71.0441
CURSANDO,390,2019-11-25 00:00:00.000,"2019","2","2019","1",Sapiranga                     ,FORTALEZA                     ,CE,0,"0",3,21,1,99,24,88.0,69.7615
CURSANDO,391,2019-11-25 00:00:00.000,"2019","2","2019","1",PLANALTO AYRTON SENNA         ,FORTALEZA                     ,CE,0,"0",0,21,1,99,26,108.0,69.1203
CURSANDO,392,2019-11-25 00:00:00.000,"2019","2","1999","1",ITAPERI                       ,FORTALEZA                     ,CE,0,"0",1,42,,99,28,104.0,67.1965
CURSANDO,393,2019-11-25 00:00:00.000,"2019","2","2007","1",BARRA DO CEARA                ,FORTALEZA                     ,CE,0,"0",2,33,,99,29,102.0,62.7076
CURSANDO,394,2019-11-25 00:00:00.000,"2019","2","2018","1",DEMOCRITO ROCHA               ,FORTALEZA                     ,CE,0,"0",0,22,1,99,31,94.0,68.479
CURSANDO,395,2019-11-25 00:00:00.000,"2019","2","2019","1",JANGURUSSU                    ,FORTALEZA                     ,CE,0,"0",3,21,,99,32,94.0,71.6853
ABANDONO,396,2023-08-28 15:26:00.000,"2019","2","2019","1",BAIRRO GUARARAPES             ,FORTALEZA                     ,CE,0,"0",1,22,,99,33,90.0,71.6853
ABANDONO,397,2023-08-28 15:26:00.000,"2019","2","2019","1",LUCIANO CAVALCANTE            ,FORTALEZA                     ,CE,0,"0",1,22,,99,34,102.0,62.0663
CURSANDO,398,2019-11-25 00:00:00.000,"2019","2","2018","1",ALDEOTA                       ,FORTALEZA                     ,CE,0,"0",1,22,1,99,38,100.0,71.0441
CURSANDO,399,2019-11-25 00:00:00.000,"2019","2","2010","1",PARANGABA                     ,FORTALEZA                     ,CE,0,"0",1,30,,99,40,102.0,72.9679
CURSANDO,400,2019-11-25 00:00:00.000,"2019","2","2019","1",BENFICA                       ,FORTALEZA                     ,CE,0,"0",1,22,1,99,41,94.0,72.3266
CURSANDO,401,2019-12-06 00:00:00.000,"2019","2","2007","1",MARAPONGA                     ,FORTALEZA                     ,CE,0,"0",0,34,,99,,,
CURSANDO,402,2020-10-23 00:00:00.000,"2020","1","2017","1",BARROSO                       ,FORTALEZA                     ,CE,0,"0",3,23,1,3,1,106.0,58.6249
CURSANDO,403,2020-10-23 00:00:00.000,"2020","1","2018","1",ZONA RURAL                    ,PACOTI                        ,CE,0,"0",3,24,237,2,2,72.0,56.7976
CURSANDO,404,2020-10-23 00:00:00.000,"2020","1","2018","2",ITAOCA                        ,FORTALEZA                     ,CE,0,"0",3,22,237,2,3,82.0,49.4881
CURSANDO,405,2020-10-23 00:00:00.000,"2020","1","2018","1",QUINTINO CUNHA                ,FORTALEZA                     ,CE,0,"0",0,22,,3,3,94.0,61.0614
CURSANDO,406,2020-10-23 00:00:00.000,"2020","1","2018","1",LAGOA REDONDA                 ,FORTALEZA                     ,CE,0,"0",1,23,,3,4,72.0,65.3252
CURSANDO,407,2020-10-23 00:00:00.000,"2020","1","2017","1",BARRA DO CEARA                ,FORTALEZA                     ,CE,0,"0",3,23,,2,4,52.0,61.6705
CURSANDO,408,2020-10-23 00:00:00.000,"2020","1","2012","1",CIDADES DOS FUNIONARIOS       ,Fortaleza                     ,CE,0,"0",1,29,237,3,5,62.0,68.3708
CURSANDO,409,2020-10-23 00:00:00.000,"2020","1","2016","1",PARANGABA                     ,FORTALEZA                     ,CE,0,"0",0,25,237,3,6,60.0,56.7976
DESISTENTE,410,2023-06-29 00:00:00.000,"2020","1","2019","1",MONTESE                       ,FORTALEZA                     ,CE,0,"3",1,24,,1,2,46.0,65.9344
DESISTENTE,411,2022-03-14 00:00:00.000,"2020","1","2014","1",BELA VISTA                    ,FORTALEZA                     ,CE,0,"0",0,26,237,99,4,116.0,69.5891
CURSANDO,412,2020-10-23 00:00:00.000,"2020","1","2018","1",ALDEOTA                       ,FORTALEZA                     ,CE,0,"0",1,23,,99,14,122.0,65.3252
DESISTENTE,413,2021-10-15 00:00:00.000,"2020","1","2019","1",CAJAZEIRAS                    ,FORTALEZA                     ,CE,0,"0",1,21,,99,18,114.0,61.6705
CURSANDO,414,2020-10-23 00:00:00.000,"2020","1","2014","1",FATIMA                        ,FORTALEZA                     ,CE,0,"0",0,26,,99,26,106.0,72.0256
ABANDONO,415,2023-08-28 15:26:00.000,"2020","1","2019","1",FATIMA                        ,FORTALEZA                     ,CE,0,"0",0,22,237,99,6,108.0,68.3708
ABANDONO,416,2023-08-28 15:26:00.000,"2020","1","2019","1",SABIAGUABA                    ,FORTALEZA                     ,CE,0,"0",1,21,,99,25,106.0,64.7161
ABANDONO,417,2023-08-28 15:26:00.000,"2020","1","2018","1",SAO JOAO DO TAUAPE            ,FORTALEZA                     ,CE,0,"0",1,22,,99,36,106.0,61.0614
CURSANDO,418,2020-10-23 00:00:00.000,"2020","1","2019","1",JOAQUIM TAVORA                ,FORTALEZA                     ,CE,0,"0",1,21,,99,45,102.0,68.3708
CURSANDO,419,2020-10-23 00:00:00.000,"2020","1","2019","1",CAMBEBA                       ,FORTALEZA                     ,CE,0,"0",1,21,,99,101,96.0,66.5435
CURSANDO,420,2020-10-23 00:00:00.000,"2020","1","2019","1",CAIS DO PORTO                 ,FORTALEZA                     ,CE,0,"0",3,21,,99,40,64.0,39.1331
CURSANDO,421,2020-10-23 00:00:00.000,"2020","1","2020","1",CONJUNTO CEARÁ II             ,FORTALEZA                     ,CE,0,"0",3,20,237,99,2,,
CURSANDO,422,2020-10-23 00:00:00.000,"2020","1","2015","2",PARANGABA                     ,FORTALEZA                     ,CE,0,"0",1,25,,99,4,,
CURSANDO,423,2020-10-23 00:00:00.000,"2020","1","2018","1",DAMAS                         ,FORTALEZA                     ,CE,0,"0",0,23,1,99,5,,
DESISTENTE,424,2021-04-21 00:00:00.000,"2020","1","2019","1",BOA VISTA                     ,FORTALEZA                     ,CE,0,"0",1,21,,99,6,,
CURSANDO,425,2020-10-23 00:00:00.000,"2020","1","2019","2",VILA XEXEU                    ,CASCAVEL                      ,CE,0,"0",3,22,,99,7,,
CURSANDO,426,2020-10-23 00:00:00.000,"2020","1","2018","2",MARACANAU                     ,MARACANAU                     ,CE,0,"0",0,22,237,99,14,,
ABANDONO,427,2023-08-28 15:26:00.000,"2020","1","1994","1",DAMAS                         ,FORTALEZA                     ,CE,0,"0",3,46,,99,15,,
ABANDONO,428,2023-08-28 15:26:00.000,"2020","1","2018","1",CONJUNTO PALMEIRAS            ,FORTALEZA                     ,CE,0,"0",1,24,,99,16,,
DESISTENTE,429,2020-11-19 00:00:00.000,"2020","1","2019","2",HENRIQUE JORGE                ,FORTALEZA                     ,CE,0,"0",0,21,,99,17,,
CURSANDO,430,2020-10-23 00:00:00.000,"2020","1","2018","1",ITAPERI                       ,FORTALEZA                     ,CE,0,"0",1,22,237,99,18,,
CURSANDO,431,2020-10-23 00:00:00.000,"2020","1","2018","2",PRESIDENTE KENNEDY            ,FORTALEZA                     ,CE,0,"0",1,22,,99,20,,
CURSANDO,432,2020-10-23 00:00:00.000,"2020","1","2018","1",CONJUNTO CEARÁ II             ,FORTALEZA                     ,CE,0,"0",1,22,,99,21,,
DESISTENTE,433,2021-07-26 00:00:00.000,"2020","2","2019","2",BARRA DO CEARA                ,FORTALEZA                     ,CE,0,"0",4,21,,3,1,100.0,70.196
DESISTENTE,434,2021-10-13 00:00:00.000,"2020","2","2013","1",VILA UNIAO                    ,FORTALEZA                     ,CE,0,"5",1,27,,1,1,112.0,63.8603
CURSANDO,435,2021-03-23 00:00:00.000,"2020","2","2019","1",PAUPINA                       ,FORTALEZA                     ,CE,0,"0",3,22,,2,1,104.0,63.8603
DESISTENTE,436,2021-05-28 00:00:00.000,"2020","2","2018","2",PASSARE                       ,FORTALEZA                     ,CE,0,"0",3,22,,2,2,82.0,70.196
ABANDONO,437,2023-08-28 15:26:00.000,"2020","2","2018","1",PAUPINA                       ,FORTALEZA                     ,CE,0,"0",0,22,,3,2,92.0,69.5624
ABANDONO,438,2023-08-28 15:26:00.000,"2020","2","2016","1",paupina                       ,Fortaleza                     ,CE,0,"0",3,24,,2,3,82.0,56.891
CURSANDO,439,2021-03-23 00:00:00.000,"2020","2","2020","2",VILA MANOEL SATIRO            ,FORTALEZA                     ,CE,0,"0",3,22,,2,4,66.0,58.7917
ABANDONO,440,2023-08-28 15:26:00.000,"2020","2","2018","1",PLANALTO AIRTON SENNA         ,FORTALEZA                     ,CE,0,"0",3,23,,2,5,68.0,58.7917
CURSANDO,441,2021-03-23 00:00:00.000,"2020","2","2019","1",CENTRO                        ,Barreira                      ,CE,0,"0",3,22,237,2,6,86.0,39.7846
CURSANDO,442,2021-03-23 00:00:00.000,"2020","2","2019","1",AEROLANDIA                    ,FORTALEZA                     ,CE,0,"0",3,22,,2,7,84.0,56.891
CURSANDO,443,2021-03-23 00:00:00.000,"2020","2","2020","1",BOM SUCESSO                   ,FORTALEZA                     ,CE,0,"0",0,20,,99,1,164.0,72.7302
ABANDONO,444,2023-08-28 15:26:00.000,"2020","2","2020","1",HENRIQUE JORGE                ,FORTALEZA                     ,CE,0,"0",1,20,,99,2,148.0,72.0967
ABANDONO,445,2023-08-28 15:26:00.000,"2020","2","2020","1",MEIRELES                      ,FORTALEZA                     ,CE,0,"0",1,20,,99,3,146.0,70.8295
CURSANDO,446,2021-03-23 00:00:00.000,"2020","2","2019","2",LAGOA REDONDA                 ,FORTALEZA                     ,CE,0,"0",3,21,,99,4,138.0,68.9288
DESISTENTE,447,2021-04-22 00:00:00.000,"2020","2","2020","1",CENTRO                        ,FORTALEZA                     ,CE,0,"0",0,20,,99,5,146.0,63.2267
DESISTENTE,448,2021-04-22 00:00:00.000,"2020","2","2020","1",BOM FUTURO                    ,FORTALEZA                     ,CE,0,"0",1,20,,99,7,144.0,72.0967
ABANDONO,449,2023-08-28 15:26:00.000,"2020","2","2020","2",FATIMA                        ,FORTALEZA                     ,CE,0,"0",0,20,237,99,9,128.0,72.7302
TRANSFERIDO,450,2023-01-10 00:00:00.000,"2020","2","2020","1",PARQUE GUADALAJARA            ,CAUCAIA                       ,CE,0,"0",1,20,237,99,12,138.0,63.2267
DESISTENTE,451,2021-04-20 00:00:00.000,"2020","2","2020","1",CAMBEBA                       ,FORTALEZA                     ,CE,0,"0",1,20,,99,14,132.0,68.2952
CURSANDO,452,2021-03-23 00:00:00.000,"2020","2","2019","1",FATIMA                        ,FORTALEZA                     ,CE,0,"0",1,21,,99,16,130.0,63.8603
DESISTENTE,453,2021-04-06 00:00:00.000,"2020","2","2020","1",MONDUBIM                      ,FORTALEZA                     ,CE,0,"0",3,20,,99,17,146.0,72.0967
DESISTENTE,454,2021-04-09 00:00:00.000,"2020","2","2020","1",PARQUELANDIA                  ,FORTALEZA                     ,CE,0,"0",0,21,,99,19,144.0,72.7302
DESISTENTE,455,2021-04-21 00:00:00.000,"2020","2","2020","2",MARAPONGA                     ,FORTALEZA                     ,CE,0,"0",1,20,,99,20,146.0,69.5624
CURSANDO,456,2021-03-23 00:00:00.000,"2020","2","2020","1",CAMBEBA                       ,FORTALEZA                     ,CE,0,"0",3,20,,99,21,126.0,60.6924
DESISTENTE,457,2021-04-16 00:00:00.000,"2020","2","2020","2",VILA UNIAO                    ,FORTALEZA                     ,CE,0,"0",0,20,,99,23,138.0,72.7302
DESISTENTE,458,2021-04-19 00:00:00.000,"2020","2","2020","2",BARRA DO CEARA                ,FORTALEZA                     ,CE,0,"0",0,20,,99,24,132.0,71.4631
DESISTENTE,459,2021-04-08 00:00:00.000,"2020","2","2020","2",PARQUE IRACEMA                ,FORTALEZA                     ,CE,0,"0",1,21,,99,27,134.0,65.761
DESISTENTE,460,2021-04-20 00:00:00.000,"2020","2","2020","1",NOVO PABUSSU                  ,CAUCAIA                       ,CE,0,"0",1,21,,99,28,132.0,67.0281
CURSANDO,461,2021-03-23 00:00:00.000,"2020","2","2020","1",JOSE WALTER                   ,FORTALEZA                     ,CE,0,"0",1,20,1,99,29,122.0,67.0281
CURSANDO,462,2021-03-23 00:00:00.000,"2020","2","2020","1",MONTESE                       ,FORTALEZA                     ,CE,0,"0",3,23,237,99,30,126.0,58.7917
ABANDONO,463,2023-08-28 15:26:00.000,"2020","2","2020","1",CIDADE DOS FUNCIONARIOS       ,FORTALEZA                     ,CE,0,"0",0,20,,99,1,134.0,61.9595
ABANDONO,464,2023-08-28 15:26:00.000,"2020","2","2005","1",DEMOCRITO ROCHA               ,FORTALEZA                     ,CE,0,"0",1,35,,99,2,146.0,48.6546
CURSANDO,465,2021-03-23 00:00:00.000,"2020","2","2020","2",PARREAO                       ,FORTALEZA                     ,CE,0,"0",0,20,237,99,3,134.0,72.7302
TRANSFERIDO,466,2022-07-28 00:00:00.000,"2020","2","2020","1",ALDEOTA                       ,FORTALEZA                     ,CE,0,"0",1,21,,99,4,130.0,58.1581
ABANDONO,467,2023-08-28 15:26:00.000,"2020","2","2019","1",SERRINHA                      ,FORTALEZA                     ,CE,0,"0",1,21,,99,5,134.0,68.2952
CURSANDO,468,2021-03-23 00:00:00.000,"2020","2","2020","1",PICI                          ,FORTALEZA                     ,CE,0,"0",1,20,237,99,6,134.0,63.2267
TRANSFERIDO,469,2022-07-28 00:00:00.000,"2020","2","2020","1",ALDEORA                       ,FORTALEZA                     ,CE,0,"0",1,20,,99,7,128.0,71.4631
CURSANDO,470,2021-03-23 00:00:00.000,"2020","2","2019","2",PREFEITO JOSE WALTER          ,FORTALEZA                     ,CE,0,"0",1,22,237,99,9,132.0,69.5624
DESISTENTE,471,2021-04-19 00:00:00.000,"2020","2","2020","1",COCO                          ,FORTALEZA                     ,CE,0,"0",1,20,,99,10,138.0,64.4938
CURSANDO,472,2021-03-23 00:00:00.000,"2020","2","2020","1",MEIRELES                      ,FORTALEZA                     ,CE,0,"0",3,20,,99,11,126.0,62.5931
CURSANDO,473,2021-04-02 00:00:00.000,"2020","2","2019","1",ITAPERI                       ,FORTALEZA                     ,CE,0,"0",1,21,,99,30,,
TRANSFERIDO,474,2023-02-01 00:00:00.000,"2020","2","2019","1",BONSUCESSO                    ,FORTALEZA                     ,CE,0,"0",1,21,,99,34,,
DESISTENTE,475,2023-05-08 00:00:00.000,"2020","2","2020","1",COCO                          ,FORTALEZA                     ,CE,0,"0",0,21,,99,12,134.0,67.0281
CURSANDO,476,2021-04-29 00:00:00.000,"2020","2","2020","2",JARDIM CEARENSE               ,FORTALEZA                     ,CE,0,"0",0,20,237,99,13,116.0,72.0967
DESISTENTE,477,2022-03-11 00:00:00.000,"2020","2","2020","1",COCO                          ,FORTALEZA                     ,CE,0,"0",0,20,,99,14,132.0,66.3945
CURSANDO,478,2021-04-29 00:00:00.000,"2020","2","2020","1",CAMBEBA                       ,FORTALEZA                     ,CE,0,"0",1,20,,99,17,118.0,65.761
TRANSFERIDO,479,2022-07-28 00:00:00.000,"2020","2","2020","1",MONTE CASTELO                 ,FORTALEZA                     ,CE,0,"0",0,21,237,99,19,126.0,68.2952
CURSANDO,480,2021-04-29 00:00:00.000,"2020","2","2018","1",MEIRELES                      ,FORTALEZA                     ,CE,0,"0",1,22,237,99,24,118.0,68.9288
